,Value,Value,Value,Sales,Sales,Sales
,sum,mean,max,sum,mean,max
Product,,,,,,
Product1,647.0,46.214285714285715,97.0,8623.0,574.8666666666667,938.0
Product2,792.0,52.8,99.0,7374.0,567.2307692307693,992.0
Product3,993.0,55.166666666666664,96.0,9631.0,535.0555555555555,949.0
